spec,maxl,maxw,maxth,maxstl,maxstw,site,region
fs101,69.48,26.9,7.55,9.23,16.52,Cooper,east
fs1035,50.1,25.6,8.01,20.97,20.57,Cooper,east
fs109,57.72,28.7,9.54,11.01,19.01,Cooper,east
fs110,67.6,48.98,10.35,18,27.24,Cooper,east
fs112,35.73,22.53,8,14.16,15.2,Cooper,east
fs112,48.43,25.37,8.59,14.58,19.22,Cooper,east
fs116,58.05,24.14,8.95,14.32,18.5,Cooper,east
fs1190,64.41,31.18,11.83,19.59,24.9,Cooper,east
fs1191,58.58,37.93,9.84,21.38,27.71,Cooper,east
fs1198,44.81,27.68,7.2,18.35,17.35,Cooper,east
fs125,44.35,30.36,11.09,11.33,19.83,Cooper,east
fs1279,68.54,39.59,10.17,21.52,27.15,Cooper,east
fs1352,90.95,31.13,9.3,22.98,18.29,Cooper,east
fs1363,117.24,34.4,15.5,24.74,28.55,Cooper,east
fs1420,49.16,27.8,7.12,18.09,21.64,Cooper,east
fs143,59.18,35.57,10.23,16.67,26.78,Cooper,east
fs144,60.16,21.35,6.97,12.23,12.71,Cooper,east
fs1462,41.77,27.23,6.21,17.17,19.07,Cooper,east
fs1537,69.44,32.76,11.77,20.15,26.78,Cooper,east
fs1558,51.22,36.63,9.18,18.45,27.37,Cooper,east
fs167,62.11,22.13,12.15,12.84,13.79,Cooper,east
fs168,41,19.43,7.39,15.56,13.25,Cooper,east
fs169,35.01,20.64,6.33,11.08,14.06,Cooper,east
fs170,40.11,20.57,8.16,13.69,12.45,Cooper,east
fs1711,61.26,37.7,9.43,16.74,25.38,Cooper,east
fs177,44.25,25.68,7.81,8.73,13.55,Cooper,east
fs1806,64.93,31.52,10.06,15.94,17.94,Cooper,east
fs182,48,25.29,9.3,15.73,16.89,Cooper,east
fs184,52.54,21.46,8.15,10.52,13.3,Cooper,east
fs1865,60.51,42.46,12.02,19.76,26.92,Cooper,east
fs1873,70.86,28.96,11.56,17.8,23.12,Cooper,east
fs190,60.69,32.08,8.29,17.63,24.03,Cooper,east
fs193,43.04,21.95,9.08,16.59,15.67,Cooper,east
fs194,48.85,29.37,7.45,17.92,17.56,Cooper,east
fs203,60.77,28.21,8.43,14.7,15.56,Cooper,east
fs2205,66.48,35.08,10.86,16.46,21.99,Cooper,east
fs2240,55.12,28.98,9.84,20.62,23.76,Cooper,east
fs225,35.42,29.67,8.59,12.39,22.23,Cooper,east
fs225,35.73,22.99,7.33,15.28,18.88,Cooper,east
fs225,57.26,24.05,8.46,14.43,14.82,Cooper,east
fs229,71.18,36.37,10.79,12.68,18.57,Cooper,east
fs315,66.79,21.75,8.43,17.07,12.86,Cooper,east
fs320,43.85,24.64,8.92,19.39,17.75,Cooper,east
fs321,65.6,56.86,12.09,14.82,20.21,Cooper,east
fs389,78.63,27.02,8.23,16.56,18.67,Cooper,east
fs406,80.7,37.22,11.55,22.54,30.62,Cooper,east
fs480,60.79,29.73,9.79,17.44,21.45,Cooper,east
fs500,50.58,24.45,8.27,8.07,18.19,Cooper,east
fs536,54.69,26.16,8.34,24.14,20.9,Cooper,east
fs541,34.76,23.45,6.92,13.41,16.84,Cooper,east
fs551,50.96,34,10.24,10.6,18.88,Cooper,east
fs557,49.93,32.96,6.02,12.81,16.87,Cooper,east
fs566,55.03,31.47,6.35,18.73,20.91,Cooper,east
fs569,41.69,19.1,7.83,15.05,16.64,Cooper,east
fs571,40.67,24.58,7.76,19.39,22.16,Cooper,east
fs573,59.71,27.27,12.02,16.44,21.72,Cooper,east
fs582,80.61,34.98,11.19,15.71,19.77,Cooper,east
fs583,60.88,27.8,9.27,17.31,15.95,Cooper,east
fs586,44.96,28.49,8.37,15.05,20.02,Cooper,east
fs587,59.34,27.66,9.96,18.65,20.42,Cooper,east
fs607,47.39,31.11,8.5,12.22,17.39,Cooper,east
fs629,56.38,18.68,9.86,21.09,15.12,Cooper,east
fs630,46.44,18.19,7.44,9.43,15.38,Cooper,east
fs631,46.01,26.23,6.43,14.74,16.02,Cooper,east
fs632,49.19,20.91,7.07,10.46,12.09,Cooper,east
fs633,48.14,25.58,8.26,17.31,16.28,Cooper,east
fs636,65.19,25.56,10.63,17.78,18.6,Cooper,east
fs638,52.03,18.21,8.73,11.29,14.45,Cooper,east
fs639,52.44,24.23,9.44,12.52,15.29,Cooper,east
fs640,57.54,20.02,10.33,11.75,14.45,Cooper,east
fs643,41.35,18.62,7.33,7,9.41,Cooper,east
fs649,50.48,24.51,10.55,14.59,16.96,Cooper,east
fs662,57.07,31.16,7.21,14.9,18.75,Cooper,east
fs762,73.58,36.39,10.59,22.22,29.03,Cooper,east
fs778,49.22,22.17,10.69,12.58,18.5,Cooper,east
fs781,58.01,23.86,8.34,10.48,15.21,Cooper,east
fs786,50.26,20.73,7.49,10.2,13.71,Cooper,east
fs800,78.7,38.94,13.91,12.47,25.1,Cooper,east
fs805,56.17,27.75,9.13,12.04,18.74,Cooper,east
fs810,57.79,29.93,6.6,14.61,19.46,Cooper,east
fs819,44.05,25.45,5.95,13.55,18.03,Cooper,east
fs865,34.28,16.1,8.01,16.44,14.28,Cooper,east
fs896,68.54,36.57,9.78,13.64,23.02,Cooper,east
fs897,49.88,17.41,7.67,17.64,13.48,Cooper,east
fs91,52.76,29.83,6.73,16.98,19.59,Cooper,east
fs92,51.66,20.05,8.99,9.44,13.96,Cooper,east
fs93,45.26,32.32,8.22,13.57,17.76,Cooper,east
fs95,55.6,23.98,7.45,11.76,15.96,Cooper,east
fs97,74.29,39.11,17.96,15.98,28.87,Cooper,east
fs97,38.44,33.36,6.89,12.7,18.57,Cooper,east
fs120,39.22,18.81,6.97,16.98,15.23,Means,west
fs176,52.32,21.2,7.05,13.34,13.87,Means,west
fs204,50.54,19.13,7.45,10.26,13.07,Means,west
fs204-1,44.57,19.57,7.91,11.34,11.3,Means,west
fs205,47.28,27.62,7.56,13.14,17.17,Means,west
fs219,69.4,26.26,7.23,14.75,16.85,Means,west
fs315,62.41,24.32,8.86,15.7,18.26,Means,west
fs325,45.26,20.02,6.57,14.85,16.06,Means,west
fs335,65.44,23.75,11.6,13.93,14.98,Means,west
fs346,38.09,19.51,6.53,15.55,13.9,Means,west
fs358,50.84,20.76,5.87,14.45,14.15,Means,west
fs359,53.56,44.22,8.06,16.45,19.58,Means,west
fs367,36.82,24.93,7.11,6.95,14.88,Means,west
fs378,42.86,20.04,8.85,16.09,16.58,Means,west
fs394,49.62,20.37,8.72,14.56,14.66,Means,west
fs411,43.46,22.3,7.23,19.36,18.45,Means,west
fs419,48.66,21.47,6.74,6.81,12.42,Means,west
fs425,46.25,19.13,8.02,6.97,9.68,Means,west
fs425,35.98,18.87,5.9,9.42,11.85,Means,west
fs441,48.54,30.06,9.23,11.04,19.05,Means,west
fs450,47.33,22.18,7.23,9.53,14.94,Means,west
fs451,50.74,18.45,6.5,10.83,10.94,Means,west
fs480,53.21,22.38,8.39,15.37,16.14,Means,west
fs500,43.07,19.02,5.97,11.16,11.21,Means,west
fs509,66.67,22.19,12.58,23.46,17.23,Means,west
fs515,45.88,20.7,9.18,15.15,17.15,Means,west
fs526,64.09,29.03,10.4,13.63,17.61,Means,west
fs542,47.69,19.33,8.24,11.37,14.42,Means,west
fs544,42.92,21,6.18,11.34,14.98,Means,west
fs551,57.26,20.24,12.61,8.53,13.81,Means,west
fs551,53.04,25.29,10.26,11.48,19.47,Means,west
fs557,44.96,23.87,10.49,7.6,19.84,Means,west
fs604,47.45,17.28,8.04,13.72,12.55,Means,west
fs604,42.48,20.8,6.47,6.46,13.66,Means,west
fs604,45.53,19.34,6.82,10.55,13.07,Means,west
fs606,37.06,24.2,6.81,9.87,16.99,Means,west
fs606,46.5,20.5,8.38,11.02,13.55,Means,west
fs612,53.72,23.14,7.98,7.22,15.45,Means,west
fs615,51.28,22.11,9.23,11.74,14.12,Means,west
fs617,58.87,22.78,13.61,7.11,14.06,Means,west
fs623,50.69,32.18,7.41,11.89,18.32,Means,west
fs634,70.58,18.56,14.91,12.73,14.11,Means,west
fs635,45.79,20.86,6.41,11.85,17.59,Means,west
fs635,39.28,23.2,7.09,13.06,16.34,Means,west
fs644,57.72,23.55,11.2,14.21,19.3,Means,west
fs663,45.83,20.74,8.38,10.78,12.4,Means,west
fs681,46.26,28.2,6.63,17.43,18.56,Means,west
fs682,64.29,17.37,8.01,14.78,14.67,Means,west
fs684,48.13,23.86,8.69,13.79,15.12,Means,west
fs688,50.96,22.41,8.87,12.41,17.05,Means,west
fs690,45.1,18.05,8.05,17.04,14.14,Means,west
fs706,46.02,14.11,7.25,5.14,11.59,Means,west
fs706,38.08,17.75,5.87,6.89,11.3,Means,west
fs710,52.51,20.47,7.14,16.56,15.65,Means,west
fs715,43.51,20.98,6.96,13.75,15.17,Means,west
fs731,63.05,22.04,11.23,23.34,19.86,Means,west
fs762,37.13,27.11,6.64,13.96,19.72,Means,west
fs83,45.77,16.87,7.24,15.11,11.69,Means,west
1.88,50.19,34.9,12.9,14.6,20.54,Miller,west
1.89,41.04,18.88,12.6,13.66,13.28,Miller,west
2,34.16,14.94,5.85,12.33,10.57,Miller,west
4,31.83,20.73,6.17,7.91,14.15,Miller,west
6,47.87,30.5,15.61,19.9,23.36,Miller,west
9,28.71,17.56,6.39,15.64,12.96,Miller,west
10,40.84,20.55,7.16,13.44,13.11,Miller,west
12,35.31,21.61,6.7,16.57,14.47,Miller,west
13,30.44,18.83,5.86,11.91,11.48,Miller,west
14,34.59,21.33,7.51,15.22,12.4,Miller,west
24,24.95,16.53,4.84,7.72,10.84,Miller,west
31,37.49,18.31,7.68,15,12.61,Miller,west
32,45.61,18.72,8.17,15.25,13.83,Miller,west
33,41.68,17.02,8.28,14.14,12.42,Miller,west
34,43.33,31.29,11.36,13.42,15.67,Miller,west
35,42.87,18.88,6.25,14.15,14.85,Miller,west
36,33.32,15.78,5.74,10.75,11.55,Miller,west
37,31.91,18.45,6.86,13.66,14.38,Miller,west
38,27.13,18.47,5.73,11.49,12.76,Miller,west
39,28.52,15.18,6.27,13.19,11.02,Miller,west
40,40.32,19.61,6.49,17.9,19.32,Miller,west
41,38.88,17.67,7.3,10.36,12.02,Miller,west
44,39.94,21.8,9.7,15.79,17.18,Miller,west
45,29.94,18.85,6.21,14.08,12.64,Miller,west
47,34.77,23.08,6.86,13.3,13.42,Miller,west
54,29.13,16.17,5.4,11.41,12.42,Miller,west
54,29.36,14.62,5.93,7.6,12.29,Miller,west
70,30.8,16.9,5.59,14.45,10.28,Miller,west
76,34.21,19.13,8.64,15.79,11.82,Miller,west
79,43.79,22.59,9.07,17.48,15.54,Miller,west
79,42.64,18.18,7.46,14.48,14.27,Miller,west
94,42.91,21.93,8.96,10.18,17.98,Miller,west
94,37.86,26.58,5.99,15.24,19.12,Miller,west
106,28.73,17.95,6.1,12.6,11.66,Miller,west
122,42.08,26.35,9.89,14.12,22.55,Miller,west
206,38.85,28.05,7.11,11.31,12.84,Miller,west
92-1,28.08,17.96,6.12,9.72,8.63,Miller,west
92-2,35.33,21.05,7.66,8.97,13.52,Miller,west
93-1,36.38,14.23,8.65,12.86,12.78,Miller,west
93-2,45.32,27.31,8.36,10.58,18.85,Miller,west
2768,40.72,28.91,10.37,13.46,15.37,Pov Pt,east
2769,51,28.28,10.17,15.94,16.66,Pov Pt,east
2770,63.89,33.04,12.06,17.14,21.28,Pov Pt,east
2771,46.62,25.63,12.18,16.44,17.76,Pov Pt,east
2772,38.28,21.74,9.3,9.29,15.48,Pov Pt,east
2773,60.97,31.17,8.1,16,25.89,Pov Pt,east
2774,57.18,26.08,9.81,15.09,17.36,Pov Pt,east
2775,52.65,34.55,10.03,16.84,21.09,Pov Pt,east
2776,77.24,41.34,12.77,17.94,30.58,Pov Pt,east
2777,70.49,31.99,8.81,12.04,18.29,Pov Pt,east
2778,58.35,30.04,11.7,16,20.48,Pov Pt,east
2780,67.06,32.91,9.51,12.89,16.49,Pov Pt,east
2781,45.27,25.85,11.65,16.11,24.8,Pov Pt,east
2782,42.06,24.1,9.91,13.38,14.54,Pov Pt,east
2783,54.66,29.33,11.28,8.53,16.79,Pov Pt,east
2784,55.85,32.99,9.89,17.26,22.26,Pov Pt,east
2785,41.81,25.88,8.02,12.59,17.2,Pov Pt,east
2786,51.84,31.31,8.57,15.75,21.52,Pov Pt,east
2787,42.5,24.27,9.68,11.29,15.66,Pov Pt,east
2788,39.05,21.11,9.66,15.46,17.36,Pov Pt,east
2789,55.78,29.21,9.38,15.25,20.16,Pov Pt,east
2791,68.17,27.15,10.3,19.78,21.78,Pov Pt,east
2792,46.82,27.22,8.16,13.51,20.13,Pov Pt,east
2798,52.64,26.58,9.64,14.55,22.12,Pov Pt,east
2821,52.59,31.89,9.94,14.68,20.37,Pov Pt,east
3230,86.45,28.68,11.58,23.47,25.83,Pov Pt,east
3232,71.36,27.67,10.5,13.06,19.48,Pov Pt,east
3348,75.56,35.65,10.2,22.67,31.26,Pov Pt,east
3349,53.39,27.84,13.57,15.9,19.02,Pov Pt,east
3350,50.06,25.47,12.65,15.86,17.9,Pov Pt,east
3351,53.61,33.64,11.61,20.28,24.83,Pov Pt,east
3352,78.65,35.97,11.43,13.6,22.69,Pov Pt,east
3353,59.91,32.78,13.28,19.3,24.44,Pov Pt,east
3354,81.55,27.69,10.84,20.44,24.29,Pov Pt,east
3355,50.47,26.37,11.32,12.03,19.71,Pov Pt,east
3356,59.72,31.9,9.24,15.3,23.92,Pov Pt,east
3357,49.33,31.48,8.61,19.07,30.35,Pov Pt,east
3362,47.56,31.24,8.91,14.17,18.26,Pov Pt,east
3366,42.1,32.68,9.13,18.26,26.09,Pov Pt,east
3370,63.05,25.24,11.43,21.39,21.98,Pov Pt,east
3371,59.85,26.23,12.51,15.15,20.4,Pov Pt,east
3372,64.5,26.93,11.89,14.65,18.83,Pov Pt,east
3548,51.71,28.05,8.5,13.74,20.4,Pov Pt,east
3613,57.34,23.86,18.1,16.63,21.94,Pov Pt,east
3615,57.15,30.5,10.16,14.85,19.21,Pov Pt,east
3616,60.74,26.3,7.88,12.13,16.41,Pov Pt,east
3619,54.17,27.78,14.08,16.03,19.26,Pov Pt,east
3699,68.86,26.97,9.55,13.86,19.68,Pov Pt,east
3724,62.99,27.88,10.08,16.69,21.08,Pov Pt,east
4364,91.05,38.82,12.97,21.01,29.53,Pov Pt,east
4365,91.53,29.14,15.13,20.29,26,Pov Pt,east
4366,103.02,29.69,11.18,22.59,25.29,Pov Pt,east
4367,96.65,35.9,10.43,20.79,25.19,Pov Pt,east
4368,77.72,34.23,16.07,22.51,29.81,Pov Pt,east
4369,88.5,40.86,8.61,21.42,23.45,Pov Pt,east
4370,70.66,36.99,10.51,14.73,19.31,Pov Pt,east
4371,71.45,41.35,10.84,14.64,25.08,Pov Pt,east
4387,68.65,27.1,9.92,23.67,24.59,Pov Pt,east
4388,91.97,27.58,9.03,33.58,26.45,Pov Pt,east
4390,44.29,22.06,10.93,14.87,18.96,Pov Pt,east
4391,41.02,22.35,10.08,16.75,18.26,Pov Pt,east
4392,49.34,28.81,10.51,18.28,25.41,Pov Pt,east
4393,41.33,22.23,8.17,18.19,19.63,Pov Pt,east
4398,59.56,33.77,11.89,10.84,24.06,Pov Pt,east
4525,87.01,28.2,9.7,21.76,23.11,Pov Pt,east
4526,80.01,24.96,10.7,16.47,19.54,Pov Pt,east
4527,82.41,32.39,12.63,25.15,25.16,Pov Pt,east
4528,86.15,29.99,12.03,20.36,24.4,Pov Pt,east
4529,71.36,31.7,7.96,21.66,26.08,Pov Pt,east
4531,49.15,27.65,8.82,16.83,20.99,Pov Pt,east
4532,50.47,24.96,8.93,15.78,20.99,Pov Pt,east
4533,59.27,28.97,8.38,14.65,19.79,Pov Pt,east
4534,53.5,35.36,7.61,17.74,22.22,Pov Pt,east
4535,52.06,27.43,9.39,14.31,21.12,Pov Pt,east
4537,46.44,28.56,9.52,13.23,18.98,Pov Pt,east
4538,53.08,27.21,9.25,13.77,16.77,Pov Pt,east
4539,44.45,29.3,12.02,15.3,23.5,Pov Pt,east
4540,45.66,23.46,14.02,9.67,14.26,Pov Pt,east
4541,61.46,26.57,8.74,19.02,22.45,Pov Pt,east
4542,47.64,27.23,10.85,13.16,18.35,Pov Pt,east
4543,45.08,29.07,7.93,8.85,15.86,Pov Pt,east
4544,49.99,28.42,7.59,17.69,21.72,Pov Pt,east
4546,45.87,28.71,8.95,17.6,22.94,Pov Pt,east
4547,65.69,29.66,10.51,14.96,18.93,Pov Pt,east
4549,55.22,23.14,8.32,18.45,22.34,Pov Pt,east
4550,65.82,31.59,13.06,12.43,20.29,Pov Pt,east
4551,69.42,27.77,10.07,12.06,18.79,Pov Pt,east
4552,72.37,32.58,8.57,12.02,18.31,Pov Pt,east
4553,60.76,25.52,10.53,16.82,20.09,Pov Pt,east
4555,62.4,30.64,10.19,17.57,24.57,Pov Pt,east
4556,46.42,24.47,10.17,15.16,23.02,Pov Pt,east
4561,52.28,24.9,9.57,16.63,19.87,Pov Pt,east
4748,58.44,33.82,11.6,13.55,25.26,Pov Pt,east
4749,69.7,30.7,9.43,17.77,24.45,Pov Pt,east
4750,57.18,30.7,9.18,23.51,26.37,Pov Pt,east
4752,66.09,28.35,13.6,21.95,21.72,Pov Pt,east
4753,80.89,35.8,12.42,20.8,30.33,Pov Pt,east
4897,49.53,26.42,9.5,22.91,23.17,Pov Pt,east
4904,42.55,25.86,8.85,17.34,23.37,Pov Pt,east
4949,56.88,33.16,9.64,18.66,24.13,Pov Pt,east
5006,78.16,30.35,11.4,16.45,19.48,Pov Pt,east
5040,75.42,32.87,13.61,19.5,26.75,Pov Pt,east
5041,53.08,26.84,7.37,17.74,22,Pov Pt,east
5045,57.35,29.34,8.66,16.33,19.48,Pov Pt,east
5090,50.98,27.68,8.48,17.51,23.34,Pov Pt,east
5173,67.54,46.03,11.42,17.03,24.12,Pov Pt,east
5175,34.66,18.63,6.98,13.01,16.93,Pov Pt,east
5176,36.91,24.23,8.42,11.11,15.87,Pov Pt,east
5177,32.24,19.6,8.12,12.55,17.61,Pov Pt,east
5240,58.09,24.57,9.29,16.53,20.16,Pov Pt,east
5241,54.18,29.82,9.24,14.23,20.31,Pov Pt,east
5242,44.96,24.05,6.59,14.28,17.85,Pov Pt,east
5244,45.83,26.31,11.28,15.54,18.58,Pov Pt,east
5305,73.95,38.77,8.73,15.99,19.59,Pov Pt,east
5306,61.01,38.95,6.24,13.24,15.62,Pov Pt,east
5336,60.04,32.67,10.47,11.79,16.61,Pov Pt,east
5352,55.91,27.88,11.16,19.17,23.09,Pov Pt,east
5461,71.32,44.09,8.71,12.47,20.58,Pov Pt,east
5982,67.32,31.85,10.16,15.23,20.87,Pov Pt,east
5987,47.9,20.86,9.98,13.97,19.02,Pov Pt,east
6089,54.82,25.01,9.23,10.46,16.1,Pov Pt,east
6165,56.46,28.43,10.28,18.91,26.12,Pov Pt,east
6252,60.94,32.79,8.19,14.12,18.09,Pov Pt,east
6258,58.74,36.43,8.85,13.25,18.07,Pov Pt,east
6278,57.23,23.02,9.04,18.15,20.42,Pov Pt,east
6302,58.7,32.46,12.74,21.85,28.57,Pov Pt,east
6312,45.25,29.11,8.01,11.09,25.02,Pov Pt,east
6321,55.36,31.56,7.01,16.12,20.61,Pov Pt,east
6325,78.12,43.96,14.82,16.75,24.31,Pov Pt,east
6327,40.1,21.97,6.86,12.56,16.25,Pov Pt,east
6941,51.71,29.96,8.87,17.51,20.81,Pov Pt,east
6956,46.08,23.99,10.95,11.52,13.67,Pov Pt,east
7186,51.34,31.65,8.07,14.24,22.19,Pov Pt,east
7293,54.75,30.4,11.55,15.08,20.28,Pov Pt,east
7386,71.8,29.83,9,26.3,24.81,Pov Pt,east
7477,63.32,32.43,8.63,17.93,27.44,Pov Pt,east
7506,85.49,43.66,16.87,19.75,28.16,Pov Pt,east
7984,54.93,26.69,13.61,20.81,22.01,Pov Pt,east
7985,44.23,27.11,10.79,21.21,23.8,Pov Pt,east
7986,40.66,28.72,9.07,16.74,21.26,Pov Pt,east
7987,48.35,28.09,8.22,12.88,20.61,Pov Pt,east
8004,58.31,30.94,10.39,16.38,17.93,Pov Pt,east
8005,71.17,34.31,14.46,16.14,21.53,Pov Pt,east
8006,55.25,31.1,11.45,15.95,20.62,Pov Pt,east
8051,46.18,23.05,18.08,16.75,20.2,Pov Pt,east
8124,63.2,34.96,10.95,18.36,25.74,Pov Pt,east
8128,80.09,27.03,8.17,17.29,20.23,Pov Pt,east
8130,77.81,29.97,9.56,20.63,26.51,Pov Pt,east
9058,41.08,26.2,9.56,12.05,16.25,Pov Pt,east
10436,48.08,27.34,7.52,19.97,22.6,Pov Pt,east
asc603,59.38,23.45,16.76,11.69,15.25,Pov Pt,east
asc001,61,29.95,10.09,17.63,18.48,Pov Pt,east
asc002,65.22,35.22,7.88,17.62,20.09,Pov Pt,east
asc004,73.05,27.77,9.96,15.07,15.16,Pov Pt,east
asc005,69.4,34.92,10.57,13.15,19.69,Pov Pt,east
asc009,61.57,31.64,9.92,15.77,22.33,Pov Pt,east
asc011,56.64,26.55,10.7,13.6,18.41,Pov Pt,east
asc014,52.31,22.08,9.59,17.39,15.32,Pov Pt,east
asc017,59.7,29.22,11.38,20.16,20.63,Pov Pt,east
asc020,45.06,27.64,7.98,12.01,15.27,Pov Pt,east
asc022,47.91,25.28,11.84,9.14,14.28,Pov Pt,east
asc024,45.66,34.83,10.31,17.47,20.75,Pov Pt,east
asc026,44.33,29.54,11.23,8.13,15.55,Pov Pt,east
asc027,58.6,31.12,8.85,16.35,18.59,Pov Pt,east
asc029,53.54,32.47,11.56,15.09,19.15,Pov Pt,east
asc030,65.3,34.83,9.27,13.16,24.65,Pov Pt,east
asc031,63.06,33.94,13.94,16.3,20.22,Pov Pt,east
asc139,66.1,24.38,12.94,21.68,18.42,Pov Pt,east
asc424,55.73,27.36,8.04,17.54,14.52,Pov Pt,east
asc453,70.54,37.12,11.13,19.8,24.95,Pov Pt,east
asc480,46.57,27.54,10.41,23.81,24.09,Pov Pt,east
asc481,41.83,22.63,9.93,15.71,18.67,Pov Pt,east
asc482,52.56,26.1,9.71,20.61,21.63,Pov Pt,east
asc483,52.46,26.8,10.95,18.67,21.69,Pov Pt,east
asc484,49.21,25.39,7.74,12.92,20.21,Pov Pt,east
asc485,61.72,27.61,13.63,20.35,22.39,Pov Pt,east
asc486,55.08,25.69,10.22,22.14,22.49,Pov Pt,east
asc487,61.01,24.13,9.88,22.71,19.05,Pov Pt,east
asc488,47.64,31.13,10.14,13.8,16.68,Pov Pt,east
asc489,64.67,30.11,12.91,14.81,17.48,Pov Pt,east
asc503,43.1,14.29,7.28,14.77,11.99,Pov Pt,east
asc504,38.2,21.34,6.2,11.05,14.87,Pov Pt,east
asc505,40.46,25.29,7.9,12.37,15.31,Pov Pt,east
asc540,63.74,30.47,10.64,12.38,16.66,Pov Pt,east
asc542,71.37,34.9,9.62,19.53,26.94,Pov Pt,east
asc544,59.36,35,11.99,15.14,21.71,Pov Pt,east
asc545,53.47,22.3,10.77,17.12,18.09,Pov Pt,east
asc546,54.74,26.81,11.74,16.18,15.18,Pov Pt,east
asc547,47.95,32,13.73,17.04,22.7,Pov Pt,east
asc549,62.23,25.49,10.14,21.33,21.06,Pov Pt,east
asc550,50.59,27.53,7.06,15.25,18.06,Pov Pt,east
asc569,48.01,28.85,7.69,14.16,19.04,Pov Pt,east
asc594,70.08,29.39,15.29,15.73,18.72,Pov Pt,east
asc595,70.76,23.79,10.71,15.57,17.29,Pov Pt,east
asc596,44.29,23.21,11.66,16.59,19.17,Pov Pt,east
asc597,50.34,23.36,9.41,18.72,19.49,Pov Pt,east
asc598,50.5,28.38,7.75,24.62,25.44,Pov Pt,east
asc599,62.66,26.01,10.71,14.37,14.38,Pov Pt,east
asc600,63.94,31.45,10.91,16.84,18.47,Pov Pt,east
asc601,58.92,25.35,10.55,12.34,15.53,Pov Pt,east
asc602,52.34,26.57,7.42,12.08,17.41,Pov Pt,east
asc604,71.8,32.08,13.86,15.85,19.33,Pov Pt,east
asc605,57.25,28.65,12.96,16.06,16.8,Pov Pt,east
asc606,58.94,29.62,11.69,15.58,17.82,Pov Pt,east
asc607,54.7,30.36,11.92,16.04,25.03,Pov Pt,east
asc608,43.45,24.92,10.21,13.35,15.85,Pov Pt,east
asc609,55.17,30.1,10.75,17.48,19.34,Pov Pt,east
asc610,47.3,22.62,9.72,15.27,14.45,Pov Pt,east
asc611,39.76,21.93,8.13,13.47,15.81,Pov Pt,east
chp-194,72.89,41.43,11.21,20.26,27.34,Pov Pt,east
ds-35,80.32,33.15,12.04,23.53,28.43,Pov Pt,east
ds-50,44.66,32.51,9.46,16.67,22.54,Pov Pt,east
F103380-2416,56.67,26.58,8.46,22.18,23.85,Pov Pt,east
F103380-2418,49.25,26,10.47,20.56,23.99,Pov Pt,east
F103380-2419,52.84,26.72,10.97,20.92,25.03,Pov Pt,east
F103380-2420,59.69,25.67,9.87,16.2,20.93,Pov Pt,east
F103380-2421,47.53,25.47,10.87,17.39,24.23,Pov Pt,east
F103380-2423,62.73,32.19,11.97,19.39,28.01,Pov Pt,east
F103380-2425,50.65,27.26,9.75,22.27,25.52,Pov Pt,east
F103380-2426,51.59,30.19,11.32,21,28.46,Pov Pt,east
F103380-2427,59.08,24.9,9.06,16.82,24.16,Pov Pt,east
F103380-2430,40.69,24.48,10.2,16.3,20.99,Pov Pt,east
F103380-2434,52.87,28.04,11.89,18.01,25.56,Pov Pt,east
F103380-2435,47.02,22.17,8.89,15.02,18.56,Pov Pt,east
F103380-2436,64.71,23.85,11.74,18.38,21.73,Pov Pt,east
F103380-2437,52.7,24.76,9.55,19.26,22.13,Pov Pt,east
F103380-2438,42.79,26.72,10.16,19.62,24.46,Pov Pt,east
F103380-2439,44.29,21.55,13.5,16.63,20.23,Pov Pt,east
F103380-2440,45.22,26.63,10.09,12.43,21.38,Pov Pt,east
F103380-2441,48.51,17.91,7.78,16.94,17.18,Pov Pt,east
F103380-2442,32.3,16.79,9.06,9.53,13.54,Pov Pt,east
F103380-2443,42.14,23,7.66,11.52,21.32,Pov Pt,east
F103380-2444,52.04,25.02,10.19,14.01,20.73,Pov Pt,east
F103380-2445,42.24,18.48,11.22,10.55,15.58,Pov Pt,east
F103380-2446,52.18,21.43,9.87,16.52,18.43,Pov Pt,east
F103380-2447,59.78,26.95,11.41,19.6,25.41,Pov Pt,east
F103380-2448,36.73,20.94,9.52,17.11,20.04,Pov Pt,east
F103380-2449,34.78,19.37,7.97,12,18.75,Pov Pt,east
F103380-2450,55.55,31.59,15,14.49,24.24,Pov Pt,east
F103380-2451,46.62,19.23,11.18,19.76,17.88,Pov Pt,east
F103384-2306,80.29,32.15,11.65,11.43,20.3,Pov Pt,east
F103384-2307,74.04,33.17,15.21,16.83,26.67,Pov Pt,east
F103384-2308,63.18,35.44,11.03,15.72,24.26,Pov Pt,east
F103384-2309,52.68,30.92,11.28,15.44,19.04,Pov Pt,east
F103384-2310,71.83,35.6,10.19,20.41,27.04,Pov Pt,east
F103384-2311,56.46,25.88,8.73,13.16,15.88,Pov Pt,east
F103384-2312,56.02,26.83,12.12,13.86,21.72,Pov Pt,east
F103384-2313,40.39,24.68,9.21,10.17,15.82,Pov Pt,east
F103384-2314,45.63,28.93,7.93,12.11,18.43,Pov Pt,east
F103384-2315,49.25,23.98,7.93,13.91,16.36,Pov Pt,east
F103384-2316,55.76,25.89,9.51,12.46,15.48,Pov Pt,east
F103384-2317,50.19,23.21,7,12.93,17.38,Pov Pt,east
F103384-2318,42.3,23.65,7.21,13.65,17.81,Pov Pt,east
F103384-2319,73.6,31.52,10.9,11.95,25.53,Pov Pt,east
F103384-2328,64.02,25.95,8.67,17.01,17.73,Pov Pt,east
F103384-2329,42.35,21.11,8.32,11.31,15.19,Pov Pt,east
F103384-2335,49.71,25.51,10.66,15.78,22.26,Pov Pt,east
F103384-2336,48,27.07,8.06,6.37,17.69,Pov Pt,east
F103384-2337,59.09,26.18,10.27,8.75,17.13,Pov Pt,east
F103384-2339,55.36,30.76,13.43,16.65,22.17,Pov Pt,east
F103384-2340,61.38,30.5,9.75,10.02,22.8,Pov Pt,east
F103384-2341,31.31,20.32,10.95,8.03,15.23,Pov Pt,east
F103384-2347,56.49,28.97,10.54,12.17,17.82,Pov Pt,east
F103384-2349,64.73,25.55,8.98,15.08,15.59,Pov Pt,east
F103384-2352,51.75,28.42,8.33,10.54,17.86,Pov Pt,east
F103384-2356,59.37,30.59,10.77,14.14,17.16,Pov Pt,east
F103384-2358,65.73,33.63,10.64,16.74,21.49,Pov Pt,east
F103384-2359,50.22,28.5,9.88,12.54,17.95,Pov Pt,east
F103384-2362,45.41,26.8,8.68,10.41,18.81,Pov Pt,east
F103384-2581,51.71,28.55,8.96,20.28,23.12,Pov Pt,east
F103384-2582,57.32,29.42,7.75,10.07,21.42,Pov Pt,east
F103384-2588,40.28,23.74,7.72,16.83,20.32,Pov Pt,east
F103384-2589,53.97,24.31,8.37,10.57,14.52,Pov Pt,east
F103384-2590,46.1,23.02,9.41,12.43,14.97,Pov Pt,east
F103384-2591,43.44,23.29,7.45,14.55,19.22,Pov Pt,east
F103384-2592,39.31,26.62,11.27,11.66,20.47,Pov Pt,east
F103384-2593,32.6,22.86,9.4,12.34,16.49,Pov Pt,east
F103384-2594,33.8,23.7,8.06,13.41,17.12,Pov Pt,east
F103384-2595,35.97,15.98,8.39,10.07,13.1,Pov Pt,east
F103384-2599,58.92,25.34,9.47,13.68,20.33,Pov Pt,east
F103384-2614,49.51,32.03,7.63,10.92,16.27,Pov Pt,east
L1-1000,55.62,21.2,9.41,14.63,17.95,Pov Pt,east
L1-1001,68.45,31.42,12.23,14.96,19.35,Pov Pt,east
L1-1004,65.13,32.94,8.62,13.14,16.97,Pov Pt,east
L1-1008,65.66,26.43,11.32,14.68,17.17,Pov Pt,east
L1-1009,54.57,21.01,8.67,14.43,12.44,Pov Pt,east
L1-1011,50.18,27.32,10.79,12.73,23.02,Pov Pt,east
L1-1012,40.83,23.63,8.29,12.15,18.23,Pov Pt,east
L1-1013,59.25,29.91,11.58,12.52,20.71,Pov Pt,east
L1-1014,74.45,34.08,20.23,14.95,21.53,Pov Pt,east
L1-1017,51.23,33.09,10.36,10.54,18.39,Pov Pt,east
L1-1095,54.25,17.82,10.71,14.09,14.75,Pov Pt,east
L1-529,79.94,31.06,9.48,18.49,20.38,Pov Pt,east
L1-541,65.67,24.71,8.95,19.77,22.04,Pov Pt,east
L1-543,72.46,29.81,14.43,13.98,19.62,Pov Pt,east
L1-658,62.22,35.97,9.56,13.72,17.77,Pov Pt,east
L1-672,69.66,37.43,12.64,19.87,28.38,Pov Pt,east
L1-674,49.95,31.41,12.72,9.35,19.44,Pov Pt,east
L1-678,65.12,29.62,8.87,9.13,20.27,Pov Pt,east
L1-694,69.68,30.6,11.76,15.27,27.93,Pov Pt,east
L1-695,75.07,24.39,10.24,18,22.44,Pov Pt,east
L1-696,84.65,30.37,15.81,20.15,21.41,Pov Pt,east
L1-697,67.97,37.82,10.97,21.03,29.47,Pov Pt,east
L1-698,69.81,32.19,11.27,11.52,19.47,Pov Pt,east
L1-699,47.59,23.21,7.8,20,19.84,Pov Pt,east
L1-700,80.88,42.79,12.8,20.44,26.25,Pov Pt,east
L1-701,56.02,23.94,10.29,14.23,16.73,Pov Pt,east
L1-702,67.03,30.75,11.59,13.08,18.07,Pov Pt,east
L1-703,56.44,30.59,9.17,20.71,26.29,Pov Pt,east
L1-705,53.25,38.12,15.65,17.27,23.6,Pov Pt,east
L1-706,40.29,22.83,7.83,11.59,15.12,Pov Pt,east
L1-707,51.66,21.61,10.33,18.79,19.51,Pov Pt,east
L1-708,61.26,27.8,10.64,21.41,24.32,Pov Pt,east
L1-709,55.02,30.58,8.85,13.4,21.2,Pov Pt,east
L1-710,56.19,22.78,9.97,14.54,17.87,Pov Pt,east
L1-711,48.67,34.78,12.4,15.73,23,Pov Pt,east
L1-712,43.66,26.61,10.66,13.74,18.44,Pov Pt,east
L1-713,45.83,22.67,12.95,15.62,18.42,Pov Pt,east
L1-714,45.47,29.84,10.81,13.85,22.08,Pov Pt,east
L1-738,80.3,33.29,9.67,19.46,24.25,Pov Pt,east
L1-739,64.5,25.1,13.83,12.98,15.8,Pov Pt,east
L1-753,45.42,24.78,8.85,14.14,17.89,Pov Pt,east
L1-754,52.81,30.69,9.19,17.14,23.91,Pov Pt,east
L1-755,64.6,27.67,11.69,19.11,18.34,Pov Pt,east
L1-771,39.92,25.44,8.22,12.82,18.3,Pov Pt,east
L1-782,34.07,20.5,10.06,9.1,15.45,Pov Pt,east
L1-784,30.56,20.36,7.17,7.68,16.77,Pov Pt,east
L1-785,33.81,19.94,8.06,10.79,15.48,Pov Pt,east
L1-854,81.4,30.79,15.29,16.13,19.46,Pov Pt,east
L1-855,65.59,29.66,11.07,17.83,24.5,Pov Pt,east
L1-859,41.58,24.81,9.42,15.54,19.69,Pov Pt,east
L1-861,93.28,33.08,11.31,17.05,25.12,Pov Pt,east
L1-902,48.2,31.82,12.76,19.17,23.21,Pov Pt,east
L1-903,35.52,18.57,9.81,8.91,17.12,Pov Pt,east
L1-904,35.37,25.17,7.62,11.04,15.31,Pov Pt,east
L1-906,55.5,27.42,7.87,13.89,19.94,Pov Pt,east
L1-907,57.78,23.1,8.7,10.42,17.11,Pov Pt,east
L1-911,54.03,29.41,8.53,13.63,15.98,Pov Pt,east
L1-999,72.78,32.98,12.41,15.87,20.33,Pov Pt,east
L9-1202,45.83,21.89,10.57,14.46,20.11,Pov Pt,east
M-1256,32.87,18.88,5.89,9.49,12.17,Pov Pt,east
M-1257,49.18,24.97,11.58,17.15,23.36,Pov Pt,east
M-1258,40.56,24,7.6,11.52,13.48,Pov Pt,east
M-1260,38.02,21.72,5.62,11.12,14.79,Pov Pt,east
M-1261,34.36,14.65,5.4,6.42,10.78,Pov Pt,east
M-1263,31.34,19.27,8.96,9.11,17.38,Pov Pt,east
M-1264,76.41,36.32,8.01,25.53,26.57,Pov Pt,east
M-1329,63.57,28.08,10.42,13.88,17.25,Pov Pt,east
M-1330,46.25,22.21,9.96,11.19,16.26,Pov Pt,east
M-1437,65.37,26.25,11.4,11.31,18.45,Pov Pt,east
M-1517,51.94,25.52,11.82,17.25,21.89,Pov Pt,east
M-291,59.64,29.58,8.86,13.15,18.02,Pov Pt,east
M-313,55.41,22.67,12.59,13.22,18.61,Pov Pt,east
M-314,60.39,30.51,11.95,13.74,20.6,Pov Pt,east
M-315,49.05,26.65,10.84,17.65,24.24,Pov Pt,east
M-345,65.3,30.99,12.57,18.1,23.76,Pov Pt,east
dawson38,119.51,28.11,9.25,22.24,23.99,Pov Pt,east
dawson39,97.21,38.02,11.25,22.89,24.08,Pov Pt,east
dawson37,54.93,33.87,8.74,13.09,20.23,Pov Pt,east
dawson36,54.24,32.9,11.45,21.46,23.86,Pov Pt,east
dawson34,61.94,31.81,11.43,14.96,16.9,Pov Pt,east
dawson35,54.11,33.29,11.6,16.09,22.45,Pov Pt,east
dawson40,81.14,41.35,14.64,16.17,23.5,Pov Pt,east
dawson10,69.16,26.69,15.01,22.22,22.78,Pov Pt,east
dawson1,71.76,30.67,10.49,13.94,19.45,Pov Pt,east
dawson8,79.28,23.5,11.81,20.09,21.19,Pov Pt,east
dawson2,51.84,28.47,10.05,17.49,21.99,Pov Pt,east
dawson5,69.85,33.1,12.93,17.26,25.17,Pov Pt,east
dawson9,58.2,32.28,11.03,20.51,25.44,Pov Pt,east
dawson11,42.4,26.02,8.82,15.56,17.62,Pov Pt,east
dawson12,67.54,36.62,11.62,18.23,24.38,Pov Pt,east
dawson6,57.5,28.96,11.48,13.72,17.12,Pov Pt,east
dawson7,51.19,22.62,8.6,20.11,19.76,Pov Pt,east
dawson22,97.8,32.45,10.66,15.5,21.38,Pov Pt,east
dawson16,70.24,38.62,10.14,19.26,30,Pov Pt,east
dawson15,45.5,21.14,8.76,14.93,16.38,Pov Pt,east
dawson13,57.77,26.48,10.44,19.83,24.17,Pov Pt,east
dawson17,77.28,33.08,12.65,21.55,24.37,Pov Pt,east
dawson19,61.79,25.21,11.04,13.56,23.71,Pov Pt,east
dawson18,50.44,29.24,10.91,13.86,19.38,Pov Pt,east
dawson20,58.96,27.16,9.15,17.51,18.83,Pov Pt,east
dawson14,57.98,27.04,6.67,16.29,21.87,Pov Pt,east
dawson21,49.21,28.24,8.84,19.2,23.56,Pov Pt,east
dawson23,89.47,30.62,10.42,24.83,27.09,Pov Pt,east
dawson24,67.71,32.87,13.83,23.38,28.99,Pov Pt,east
dawson25,74.03,33.49,9.55,14.91,19.82,Pov Pt,east
dawson26,74.64,25.06,10.38,15.76,21.98,Pov Pt,east
dawson27,44.53,22.78,8.31,14.25,15.75,Pov Pt,east
dawson29,47.53,26.06,8.92,18.11,23.41,Pov Pt,east
dawson30,70.45,36.35,11.58,22.58,24.24,Pov Pt,east
dawson31,68.69,32.33,10.02,15.5,18.43,Pov Pt,east
dawson28,62.58,27.9,8.15,21.02,23.6,Pov Pt,east
dawson32,55.96,30.26,9.7,18.72,24.82,Pov Pt,east
68.F-103384.9030,75.66,39.99,11.49,20.02,25.13,Pov Pt,east
68.4987-1.B5AA.9033,100.43,33.26,12.66,23.19,24.38,Pov Pt,east
68.I1.CC.4987-1.9034,81.66,37.66,11.08,25.2,24.93,Pov Pt,east
68.4987-1.9031a,46.18,25.16,11.29,17.1,20.99,Pov Pt,east
68.4987-1.9032,58.55,28.79,11.63,14.46,20.22,Pov Pt,east
chapman224,81.28,42.94,9.81,17.94,23.54,Pov Pt,east
chapman224.P.CC.A,71.86,29.9,9.63,14.22,18.49,Pov Pt,east
proj1-15.site2.s.of.dorm,65.15,32.25,10.73,18.17,21.56,Pov Pt,east
proj1-15.site1.n.of.moundb,69.21,34.39,11.79,14.76,17.66,Pov Pt,east
mnd.c.surface.1000,53.07,25.47,10.17,13.62,17.28,Pov Pt,east
70-pp4,68.4,28.76,10.7,18.49,20.62,Pov Pt,east
QHG,93.04,40.41,12.69,24.25,22.23,Pov Pt,east
plunkett.1,81.39,38.39,13.56,18.71,26.23,Pov Pt,east
plunkett.2,62.98,41.97,10.16,14.08,26.09,Pov Pt,east
68.pp.6972,83.36,29.49,9.9,23.68,26.16,Pov Pt,east
68.pp.6973,85.22,37.91,24.73,25.07,28.89,Pov Pt,east
68.pp.7154,77.06,34.37,12.36,20.93,23.74,Pov Pt,east
68.pp.6974,73.28,31.45,9.95,14.76,21.26,Pov Pt,east
68.pp.6975,68.27,35.11,9.34,15.09,18.47,Pov Pt,east
68.pp.6979,47.9,29.65,9.76,17.04,19.68,Pov Pt,east
68.pp.7289,67.58,31.62,7.92,17.45,21.4,Pov Pt,east
68.pp.7290,63.24,32.26,9.03,19.14,19.87,Pov Pt,east
68.pp.6978,41.24,19.66,8.67,15.42,16.7,Pov Pt,east
68.pp.6980,50.72,26.7,7.67,12.84,16.65,Pov Pt,east
68.pp.7295,64.9,31.75,7.08,14.92,14.67,Pov Pt,east
68.pp.7310,66.89,34.45,11.09,13.91,20.03,Pov Pt,east
68.pp.7356,60.28,29.81,7.84,19.78,25.94,Pov Pt,east
68.pp.7355,59.15,27.75,10.05,19.96,25.84,Pov Pt,east
68.pp.7305,48.4,23.34,9.55,17.75,17.02,Pov Pt,east
68.pp.7311,56.4,23.34,8.48,13.74,15.28,Pov Pt,east
68.pp.7304,65.4,29.14,9.98,17.09,21.49,Pov Pt,east
68.pp.7302,60.82,37.64,7.74,18.02,25.4,Pov Pt,east
68.pp.7357,64.49,26.02,9.69,21.73,22.71,Pov Pt,east
68.pp.7291,62.03,30.9,8.54,17.38,21.9,Pov Pt,east
68.pp.7384,40.65,23.75,7.09,14.78,17.47,Pov Pt,east
68.pp.7385,67.81,28.63,9.91,16.09,20.08,Pov Pt,east
68.pp.7389,59.49,25.93,13.65,21.4,23.7,Pov Pt,east
68.pp.7540,85.74,35.06,12.06,19.76,22.59,Pov Pt,east
68.pp.7388,60.09,25.01,10.21,18.61,22.39,Pov Pt,east
68.pp.6971,71.11,32.77,11.96,17.05,20.13,Pov Pt,east
68.pp.6964,59.82,34.95,12.48,13.19,21.04,Pov Pt,east
68.pp.6960,59.58,32.15,8.83,13.21,16.63,Pov Pt,east
68.pp.6950,59.76,23.4,10.07,18.49,21.47,Pov Pt,east
68.pp.6959,65.43,26.68,11.89,21.54,23.56,Pov Pt,east
68.pp.6947,58.27,26.44,7.9,14,18.11,Pov Pt,east
68.pp.6946,63.85,31.16,10.03,23.59,24.64,Pov Pt,east
68.pp.6910,53.43,34.39,7.91,15.04,21.64,Pov Pt,east
68.pp.6776,82.89,34.61,10.45,15.45,21.79,Pov Pt,east
68.pp.6430,58.65,30.66,8.19,12.15,18.61,Pov Pt,east
68.pp.6395,87.89,35.83,8.95,21.7,25.93,Pov Pt,east
68.pp.6428,62.37,23.07,8.82,11.67,17.07,Pov Pt,east
68.pp.6334,48.03,28.47,9.67,14.1,21.15,Pov Pt,east
68.pp.6369,75.15,26.81,10.96,16.59,20.08,Pov Pt,east
68.pp.6368,71.91,31.44,11.88,19.78,24.98,Pov Pt,east
68.pp.6429,69.15,25.89,12.02,14.9,15.89,Pov Pt,east
68.pp.6331,70.01,23.96,13.27,22.85,20.33,Pov Pt,east
68.pp.6362,60.8,29.43,10.09,17.06,22.75,Pov Pt,east
68.pp.6353,47.29,29.17,11.33,14.41,21.61,Pov Pt,east
68.pp.6400,45.85,23.72,7.47,14.54,18.21,Pov Pt,east
68.F-103384.pp2.9044,70.65,25.67,9.17,23.3,22.29,Pov Pt,east
68.F-103384.B-6.9043,94.26,32.84,16.82,18.2,23.47,Pov Pt,east
68.F-103384.Graphic.9042,104.3,36.06,13.6,25.84,22.59,Pov Pt,east
68.4466.P3QHG.9041,90.16,31.88,9.04,22.92,17.49,Pov Pt,east
68.F-103384.9040,62.39,31.72,10.33,19.51,22.92,Pov Pt,east
68.4987-1.B-6DD.9037,87.19,27.62,13.89,18.7,21.7,Pov Pt,east
68.F103365.P2-AH3.9038,83.87,29.72,13.98,18.77,21.44,Pov Pt,east
68.4987-1.s.9035,79.43,29.24,10.8,18.02,22.24,Pov Pt,east
68.F-103384.9039,56.7,27.41,13.96,15.17,18.03,Pov Pt,east
68.4987-IJ-9036,51.86,25.6,8.17,13.95,20.25,Pov Pt,east
68.NorZ.4987-1.9022,115.59,34.97,16.71,18.3,28.54,Pov Pt,east
68.F-103384.9021,69.59,29.4,9.82,13.82,17.13,Pov Pt,east
68.F-103365.9029,75.93,24.91,11.51,17.08,21.3,Pov Pt,east
68.F-103384.9028,74.79,30.92,13.91,18.46,22.93,Pov Pt,east
68.F-103384.P2-EOBM-R2-3-N.9027,79.51,28.87,8.49,15.95,20.17,Pov Pt,east
68.F-103384.9026,82.25,35.17,11.23,13.26,18.84,Pov Pt,east
68.F-103384.9025,67.85,29.36,10.46,11.51,15.19,Pov Pt,east
68.F-103384.P2.9024,70.11,33.31,9.51,22.2,24.03,Pov Pt,east
68.F103380.9023,53.99,28.61,12.92,17.71,22.47,Pov Pt,east
68.F-103384.9020,54.53,31.85,10.94,18.25,21.81,Pov Pt,east
68.F-103384.9010,65.31,25.24,10.38,16.87,20.55,Pov Pt,east
68.F-103384.9011,50.36,28.02,5.81,15,15.89,Pov Pt,east
68.F-103384.9012,49.38,25.57,8.6,14.52,16.24,Pov Pt,east
68.F-103380.9013,47.58,25.81,9.51,17.59,21.01,Pov Pt,east
68.F-103384.9014,68.67,30.09,9.09,16.21,19.12,Pov Pt,east
68.F-103384.P2-QHG.9015,92.01,37.77,10.64,23.75,29.06,Pov Pt,east
68.F-103384.P2-R6-S.9016,94.34,33.21,14.92,21.49,23.73,Pov Pt,east
68.F-103384.9017,56.53,29.96,10.7,15.39,22.3,Pov Pt,east
68.F-103384.P2-QHG.9018,59.01,32.11,10.2,18.83,24.44,Pov Pt,east
68.F-103384.9019,66.5,35.7,14.08,17.77,25.21,Pov Pt,east
68.F-103380.9008,65.22,34.59,11.75,17.15,24.85,Pov Pt,east
68.F-103380.9009,49.34,25.32,10.12,17.24,22,Pov Pt,east
68.F-103384.9006,60.56,33.49,8.71,17.09,24.04,Pov Pt,east
68.F-103384.9007,58.95,29.61,10.4,17.29,18.94,Pov Pt,east
68.F-103384.9005,63.73,27.6,8.5,17.56,17.94,Pov Pt,east
68.F-10334.9004,52.54,27.56,11.24,13.93,15.99,Pov Pt,east
68.F-103384.9003,74.01,37.45,13.49,19.36,22.48,Pov Pt,east
68.F-103384.9002,70.65,34.13,18.89,23.38,19.9,Pov Pt,east
68.F-103384.9000,86.68,31.71,13.96,26.52,28.58,Pov Pt,east
68.F-103380.P2-R5-So.9001,41.29,27.27,8.93,13.31,19.24,Pov Pt,east
12,28.6,23.23,4.96,9.48,13.62,Yar,west
14,38.07,20.2,7.24,12.93,11.93,Yar,west
17,39.64,19.41,6.9,15.42,15.65,Yar,west
31,37.88,20,5.66,13.11,13.01,Yar,west
33,29.47,18,6.61,15.84,15.71,Yar,west
38,53.16,22.71,10.42,17.06,14.37,Yar,west
41,44.04,24.45,6.45,11.33,13.85,Yar,west
43,31.93,15.67,6.88,11.77,12.1,Yar,west
44,24.39,16.42,5.89,11.05,14.78,Yar,west
51,39.8,18.88,5.18,15.38,15.54,Yar,west
54,32.48,18.53,5.59,10.23,14.26,Yar,west
56,32.82,16.25,6.63,11.84,12.24,Yar,west
59,32.48,15.73,6.48,13.92,12.56,Yar,west
64,22.48,14.35,5.58,12.76,12.49,Yar,west
65,36.84,16.82,6.14,10.96,12.11,Yar,west
66,44.33,23.69,8.85,15.21,14.94,Yar,west
76,36.99,24.78,8.08,15.26,17.25,Yar,west
79,30.87,16.21,5.84,13.37,12.45,Yar,west
84,42.65,19.16,7.82,13.42,14.68,Yar,west
85,61.64,30.68,9.78,15.95,16.33,Yar,west
95,77.95,33.33,8.8,17.62,16.9,Yar,west
97,39.68,20.13,9.74,13.87,15.65,Yar,west
104,44.89,28.83,7.05,15.77,15.91,Yar,west
119,32.69,23.65,6.06,11.28,14.87,Yar,west
123,32.31,20.91,6.19,11.44,13.16,Yar,west
152,39.2,29.59,6.37,12.69,16.23,Yar,west
176,21.52,16.88,6.03,11.61,12.95,Yar,west
185,29.09,18.62,8.27,14.28,14.67,Yar,west
187,32.43,20.48,7.87,17.26,15.88,Yar,west
190,26.2,17.86,5.93,11.32,13.93,Yar,west
192,24.74,17.86,6.26,11.28,14.87,Yar,west
195,38.75,25.61,8.05,13.59,14.38,Yar,west
229,49.15,24.48,8.51,15.25,22.4,Yar,west
235,41.57,14.87,8.04,15.86,13.35,Yar,west
235,30.37,14.91,6.21,11.72,12,Yar,west
240,58.75,36.9,7.62,15.2,19.13,Yar,west
245,29.34,18.33,7.56,11.25,14.24,Yar,west
247,34.41,18.23,7.32,10.73,11.87,Yar,west
256,43.31,17.4,9.44,13.25,14.02,Yar,west
258,28.04,16.61,5.58,10.82,12.95,Yar,west
276,40.99,22.49,8,16.58,13.64,Yar,west
281,47.19,20.5,8.13,11.85,18.82,Yar,west
305,47.72,21.55,11.32,18.21,17.55,Yar,west
311,46.1,21.74,8.59,15.42,13.22,Yar,west
314,42.51,22.15,7.48,15.44,17.69,Yar,west
344,31.05,17.79,6.25,11.83,13.95,Yar,west
354,26.96,18.14,6.86,10.46,13,Yar,west
356,24.65,14.15,6.05,12.65,11.69,Yar,west
358,22.89,13.24,6.25,11.21,11.88,Yar,west
360,36.71,26.07,7.57,12.74,16.55,Yar,west
362,27.5,16.12,5.78,12.85,12.13,Yar,west
372,27.05,18.93,5.98,10.44,12.88,Yar,west
376,33.67,18.44,7.64,15.28,15.22,Yar,west
379,24.44,16.76,6.46,10.49,12.11,Yar,west
381,22.82,17,7.3,12.25,12.6,Yar,west
389,22.79,13.8,6.36,12.1,13.13,Yar,west
398,23.35,15.73,6.63,11.92,12.83,Yar,west
407,59.09,22.02,7.56,20.14,17.95,Yar,west
413,27.18,20.56,6.57,11.7,15.71,Yar,west
415,28.41,21.28,5.5,9.81,14.88,Yar,west
416,31.88,14.5,8.17,12.95,13.73,Yar,west
497,42.39,29.25,6.67,11.49,14.85,Yar,west
509,35.98,30.32,6.26,16.45,15.97,Yar,west
514,40.78,21.34,7.35,10.95,13.34,Yar,west
531,27.74,17.55,8.55,12.14,13.26,Yar,west
533,34.38,19.01,6.77,14.59,15.22,Yar,west
537,36.95,17.57,8.32,15.97,16.45,Yar,west
540,31.51,21.6,6.51,12.74,13.09,Yar,west
549,46.52,24.75,7.04,15,13.52,Yar,west
555,35.52,22.05,7.28,17.79,17.27,Yar,west
557,24.58,18.24,6.82,12.36,15.29,Yar,west
572,42.21,14.89,9.43,17.29,12.87,Yar,west
576,40.9,20.8,7.89,17.05,15.9,Yar,west
578,28.26,18.98,5.51,8.72,12.2,Yar,west
599,36.64,20.01,7.7,10.59,13.03,Yar,west
619,38.06,21.66,7.13,12.2,14.26,Yar,west
622,35.48,28.99,6.31,11.82,15.71,Yar,west
629,31.64,25.66,6.18,12.55,18.42,Yar,west
631,30.59,14.1,6.74,13.54,12.36,Yar,west
632,33.93,22.02,7.68,15.31,17.37,Yar,west
637,29.9,17.3,5.98,13.1,11.89,Yar,west
639,29.87,20.06,7.14,14.92,14.97,Yar,west
648,48.84,19.53,16.42,17.64,17.16,Yar,west
656,45.12,27.35,6.67,15.42,14.71,Yar,west
663,44.7,26.43,8.45,17.57,16.87,Yar,west
668,55.17,22.13,15.04,16.8,19.25,Yar,west
689,41.27,31.53,10.35,10.88,22.13,Yar,west
694,40.82,18.53,7.3,16.93,15.4,Yar,west
705,29.77,16.46,6.08,11.94,13.63,Yar,west
754,38.32,24.77,5.91,13.95,15.31,Yar,west
756,31.92,15.16,6.92,10.62,11.77,Yar,west
757,33.14,18.97,7.15,13.91,14.05,Yar,west
765,43.62,31.47,7.25,17.75,23.64,Yar,west
769,44.79,29.08,9.51,16.51,21.24,Yar,west
774,28.03,18.11,6.28,12.65,13.22,Yar,west
779,24.43,14.45,7.39,8.36,12.86,Yar,west
787,40.34,26.81,9.99,16.08,17.79,Yar,west
789,38.42,20.27,7.48,13.61,13.65,Yar,west
795,34.66,19.53,8.58,10.55,13.23,Yar,west
812,27.4,16.68,6.97,14.44,14.25,Yar,west
814,35.86,20.94,6.75,16.9,16.21,Yar,west
883,39.14,21.55,7.61,11.52,14.68,Yar,west
884,39.83,26.58,7.58,12.38,15.32,Yar,west
889,25.91,15.69,5.6,10.78,13.27,Yar,west
894,34.06,20.54,7.7,16.07,16.06,Yar,west
895,33.93,19.06,8.78,13.6,15.36,Yar,west
912,34.58,25.62,8.02,16.17,16.01,Yar,west
948,29.55,15.65,8.12,12.89,11.77,Yar,west
950,28.76,15.33,6.99,13.19,10.24,Yar,west
959,26.29,21.15,6.87,13.83,15.38,Yar,west
968,41.46,27.74,8.53,15.74,12.59,Yar,west
974,40.45,32.31,6.06,14.39,17.27,Yar,west
975,46.23,19.76,6.42,15.53,15.55,Yar,west
993,32.76,25.05,6.58,7.77,13.96,Yar,west
1020,35.95,18.89,7.87,16.85,14.87,Yar,west
1027,34.52,19.56,7.52,15.54,15.26,Yar,west
1046,43.73,33.84,6.48,14.48,13.16,Yar,west
1049,40.76,17.51,7.95,16.35,12.25,Yar,west
1050,28.37,17.31,5.82,10.56,12.21,Yar,west
1053,42.71,19.61,7.84,17.11,16.23,Yar,west
1077,27.26,18.22,5.47,11.73,13.4,Yar,west
1078,48.47,30.6,6.091,13.39,15.21,Yar,west
1095,44.98,22.39,8.48,15.08,17.62,Yar,west
1099,43.75,23.59,7.22,16.23,16.96,Yar,west
1108,33.52,16.7,6.76,14.68,12.7,Yar,west
1109,25.08,14.15,6.61,12.05,11.91,Yar,west
1110,34.18,14.36,7.12,13.18,12.84,Yar,west
1124,25.76,16.66,6.69,14.51,13.73,Yar,west
1125,24.45,16.75,5.87,15.64,14.96,Yar,west
1136,53.19,42.1,11.49,17.07,29.09,Yar,west
1188,23.25,18.14,6.21,11.25,14.39,Yar,west
1190,27.6,17.67,5.91,11.37,12.02,Yar,west
1193,47.61,23.98,7.14,13.48,11.45,Yar,west
1214,51.46,29.51,8.37,17.65,25.35,Yar,west
1216,35.45,19.03,6.48,12.49,14.83,Yar,west
1220,26.5,14.55,5.4,12.7,13.55,Yar,west
1230,40.6,19.43,8.32,18.38,16.81,Yar,west
1231,38.56,19.29,7.31,15.71,14.13,Yar,west
1259,40.9,18.97,8.18,16.1,14.59,Yar,west
1263,33.57,21.05,8.14,14.21,13.44,Yar,west
1267,35.89,16.64,6.99,12.4,12.47,Yar,west
1281,29.98,19.15,8.14,13.3,16.68,Yar,west
1287,41.16,22.12,7.32,18.03,17.75,Yar,west
1292,31.09,17.77,9.22,16.15,14.31,Yar,west
1295,32.77,16.59,6.84,12.12,12.25,Yar,west
1297,30.09,19.93,6.54,9.68,13.01,Yar,west
1306,30.41,19.32,5.82,12.42,12.22,Yar,west
1316,44.93,41.47,9.57,9.92,33.12,Yar,west
1330,28.84,13.94,6.11,11.95,12.14,Yar,west
1333,29.11,16.17,6.84,13.61,12.85,Yar,west
1337,42.96,19.02,5.55,10.44,12.09,Yar,west
1343,40.3,18,7.2,15.06,14.12,Yar,west
1346,32.44,15.37,6.14,13.63,12.33,Yar,west
1358,55.18,33.79,6.88,12.74,18.55,Yar,west
1361,28.78,14.01,5.67,11.5,11.04,Yar,west
1373,32.37,17.02,6.21,14.25,13.19,Yar,west
1375,48.55,29.97,5.98,13.94,18.08,Yar,west
1376,41.4,27.15,6.08,11.86,16.45,Yar,west
1377,32.68,19.09,7.32,12.04,13.39,Yar,west
1378,26.78,14.88,5.51,12.37,12.4,Yar,west
1381,29.03,15.67,6.76,13.32,12.09,Yar,west
1382,30.07,17.39,7.26,11.59,11.29,Yar,west
1394,44.8,28.56,7.35,14.67,17.06,Yar,west
1399,33.77,24.94,5.47,11.13,13.03,Yar,west
1410,56.89,22.66,9.62,19.54,18.4,Yar,west
1419,46.9,39.34,8.33,12.49,28.95,Yar,west
1429,32.33,26.18,5.1,9.4,15.26,Yar,west
1431,32.08,17.03,5.96,12.2,13.1,Yar,west
1433,43.58,24.28,6.65,16.06,12.2,Yar,west
1436,25.44,16.56,5.56,14.14,13.87,Yar,west
1466,27.54,15.07,7.42,12.17,13.08,Yar,west
1478,33.47,26.26,6.16,11.63,16.4,Yar,west
1479,35.35,19.23,8.02,13.21,13.6,Yar,west
1481,36.92,27.39,7.65,10.01,13.89,Yar,west
1482,38.07,17.33,5.35,10.48,10.49,Yar,west
1483,38.01,22.51,6.17,14.36,16.09,Yar,west
1484,26.28,14.57,5.93,11.11,13.54,Yar,west
1493,39.45,19.9,6.65,15.24,18.05,Yar,west
1501,30.34,18.03,5.81,12.03,13.49,Yar,west
1503,50.52,37.26,7.51,9.61,23.41,Yar,west
1539,46.19,22.59,9.1,14.15,17.25,Yar,west
1546,44.01,31.15,6.76,12.15,16.85,Yar,west
1548,34.69,15.59,7.44,16.65,13.29,Yar,west
1561,42.41,18.45,7.18,13.96,13.88,Yar,west
1566,37.97,25.66,7.97,12.83,17.59,Yar,west
1581,27.55,15.82,6.17,10.96,12.82,Yar,west
1585,33.55,18.77,8.91,16.7,15.28,Yar,west
1640,24.4,13.39,6.71,10.66,11.5,Yar,west
1642,28.53,13.93,8.31,14.66,13.11,Yar,west
1658,30.93,17.7,5.73,14.8,15.57,Yar,west
1668,32.72,27.58,6.77,11.81,16.52,Yar,west
1669,31.99,25.53,6.71,14.74,17.65,Yar,west
1670,46.99,21.87,6.79,12.42,15.61,Yar,west
1680,51.01,20.51,10.11,16.17,15.02,Yar,west
1695,38.68,22.96,6.5,14.11,18.85,Yar,west
1706,48.6,32.32,8.5,14.98,19.45,Yar,west
1746,34.08,20.08,8.57,13.19,15.66,Yar,west
1769,38.08,22.55,8.73,15.04,13.41,Yar,west
1794,32.61,19.35,6.53,11.86,15.41,Yar,west
1799,46.78,19.61,8.8,16.88,15.89,Yar,west
1819,30.25,16.78,7.07,14.5,14.85,Yar,west
1821,32.21,16.31,7.29,13.2,12.31,Yar,west
1849,44.38,23.75,11.44,17.03,17.42,Yar,west
1861,45.07,26.27,11.12,13.15,17.63,Yar,west
1870,33.3,20.84,8.68,11.54,14.5,Yar,west
1908,34.55,21.72,7.44,13.59,12.37,Yar,west
1927,31.43,18.05,6.36,15.27,14.55,Yar,west
1930,45.57,31.45,11.24,16.97,15.56,Yar,west
1934,28.42,17.59,8.08,13.78,14.93,Yar,west
1948,25.29,13.09,6.37,11.82,11.68,Yar,west
1961,48.08,19.42,7.6,18.03,17.16,Yar,west
1966,24.26,15.27,6.24,14.56,13.9,Yar,west
1984,41.5,21.15,5.6,13.49,13.3,Yar,west
1994,46.81,19.7,9.12,17.97,16.61,Yar,west
2002,30.94,15.46,8.09,13.35,12.08,Yar,west
2004,34.05,22.27,6.11,13.31,14.68,Yar,west
2010,28.75,16.01,6.49,15.28,15.13,Yar,west
2025,28.52,16.57,6.14,10.87,11.29,Yar,west
2047,31.69,18.52,5.85,8.17,11.02,Yar,west
2055,50.17,38.42,12.82,14.48,19.54,Yar,west
2059,26.79,14.83,6.9,12.55,12.84,Yar,west
2078,41.72,23.04,7.1,18.02,20.37,Yar,west
2080,38.15,19.71,7.75,17.65,17.48,Yar,west
2094,40.41,27.15,7.12,13.03,16.66,Yar,west
2109,44.84,30.73,5.66,12.99,17.4,Yar,west
2114,53.73,25.45,7.57,18.24,17.17,Yar,west
2118,37.91,22.11,6.3,13.74,14.85,Yar,west
2129,40.21,20.68,7.25,13.76,12.25,Yar,west
2132,31.19,14.49,6.48,14.53,13.14,Yar,west
2136,47.42,20.17,8.12,14.62,13.2,Yar,west
2138,21.88,14.66,5.15,10.88,12.07,Yar,west
2141,30.41,19.47,7.7,10.44,17.52,Yar,west
2142,30.89,22.36,7.3,10.69,13.48,Yar,west
2143,29.22,23.49,6.3,12.25,14.79,Yar,west
2147,38.75,20.49,8.42,14.02,15.88,Yar,west
2163,44.75,36.73,12.01,9.96,27.81,Yar,west
2172,48.51,26.52,13.29,16.35,21.56,Yar,west
2668,35.53,25.98,5.86,11.76,14.44,Yar,west
